id,exam,subject,tag,question,choice1,choice2,choice3,choice4,answer,explanation,core_id,source,round,ai_corrected,diagram,qnum
20001,electrical_industrial,1,2019_1,"그림과 같은 동축케이블에 유전체가 채워졌을 때의 정전 용량(F)은? (단, 유전체의 비유전율은 εs이고 내반지름과 외반지름은 각각 a(m), b(m)이며 케이블의 길이는 ℓ(m)이다.)",2πε₀ℓ / ln(b/a),2πε₀εsℓ / ln(b/a),πεsℓ / ln(b/a),πε₀εsℓ / ln(b/a),2,동축케이블의 정전용량은 C=2πε₀εsℓ/ln(b/a)입니다. 유전체가 채워지면 진공 정전용량에 비유전율 εs가 곱해집니다.,20001,cbt,2019_1,1,,1
20002,electrical_industrial,1,2019_1,"두 벡터가 A=2ax+4ay-3az, B=ax-ay일 때 A×B는?",6ax-3ay+3az,-3ax-3ay-6az,6ax+3ax-3az,-3ax+3ay+6az,2,외적 A×B는 행렬식으로 계산하면 (4·0-(-3)·(-1))ax - (2·0-(-3)·1)ay + (2·(-1)-4·1)az = -3ax-3ay-6az 입니다.,20002,cbt,2019_1,1,,2
20003,electrical_industrial,1,2019_1,두 유전체가 접했을 때 tanθ1/tanθ2=ε1/ε2의 관계식에서 θ1=0°일 때의 표현으로 틀린 것은?,전속밀도는 불변이다.,전기력선은 굴절하지 않는다.,전계는 불연속적으로 변한다.,전기력선은 유전율이 큰 쪽에 모여진다.,4,"θ1=0°(수직 입사)에서는 굴절이 일어나지 않으므로 전기력선이 유전율이 큰 쪽으로 쏠려 모인다는 설명은 틀립니다. 전속밀도는 불변, 전계는 불연속적으로 변하는 것은 옳은 설명입니다.",20003,cbt,2019_1,1,,3
20004,electrical_industrial,1,2019_1,공기 중 임의의 점에서 자계의 세기(H)가 20AT/m라면 자속밀도(B)는 약 몇 Wb/m²인가?,2.5×10⁻⁵,3.5×10⁻⁵,4.5×10⁻⁵,5.5×10⁻⁵,1,B=μ₀H = 4π×10⁻⁷×20 ≈ 2.5×10⁻⁵Wb/m² 입니다.,20004,cbt,2019_1,1,,4
20005,electrical_industrial,1,2019_1,전자석의 흡인력은 공극(air gap)의 자속밀도를 B라 할때 다음의 어느 것에 비례하는가?,B,B^0.5,B^1.6,B^2.0,4,"전자석의 흡인력 F=B²S/2μ₀ 로, 자속밀도 B의 제곱(B²)에 비례합니다.",20005,cbt,2019_1,1,,5
20006,electrical_industrial,1,2019_1,"그림과 같이 평행한 두 개의 무한 직선 도선에 전류가 각각 I, 2I인 전류가 흐른다. 두 도선 사이의 점 P에서 자계의 세기가 0이다. 이 때 a/b 는?",4,2,1/2,1/4,3,"자계가 0이 되려면 I/a = 2I/b, 즉 b=2a → a/b=1/2 입니다.",20006,cbt,2019_1,1,,6
20007,electrical_industrial,1,2019_1,"감자율(Demagnetization factor)이 ""0""인 자성체로 가장 알맞은 것은?",환상 솔레노이드,굵고 짧은 막대 자성체,가늘고 긴 막대 자성체,가늘고 짧은 막대 자성체,1,환상(폐회로) 솔레노이드는 자기회로가 닫혀 있어 누설자속이 없으므로 감자율이 0입니다.,20007,cbt,2019_1,1,,7
20008,electrical_industrial,1,2019_1,질량이 m(kg)인 작은 물체가 전하 Q(C)를 가지고 중력방향과 직각인 무한도체평면 아래쪽 d(m)의 거리에 놓여있다. 정전력이 중력과 같게 되는데 Q(C)의 크기는?,d√(πε₀mg),(d/2)√(πε₀mg),2d√(πε₀mg),4d√(πε₀mg),4,영상전하에 의한 흡인력 F=Q²/(4πε₀(2d)²)=Q²/(16πε₀d²)이 중력 mg와 같다고 놓고 Q에 대해 풀면 Q=4d√(πε₀mg)가 됩니다.,20008,cbt,2019_1,1,,8
20009,electrical_industrial,1,2019_1,"극판의 면적 S=10cm², 간격 d=1mm의 평행판 콘덴서에 비유전율 εs=3인 유전체를 채웠을 때 전압 100V를 인가하면 축적되는 에너지는 약 몇 J 인가?",0.3×10⁻⁷,0.6×10⁻⁷,1.3×10⁻⁷,2.1×10⁻⁷,3,C=ε₀εsS/d로 정전용량을 구한 뒤 W=½CV²를 계산하면 약 1.3×10⁻⁷J이 됩니다.,20009,cbt,2019_1,1,,9
20010,electrical_industrial,1,2019_1,자기인덕턴스 0.5H의 코일에 1/200초 동안에 전류가 25A로부터 20A로 줄었다. 이 코일에 유기된 기전력의 크기 및 방향은?,"50V, 전류와 같은 방향","50V, 전류와 반대 방향","500V, 전류와 같은 방향","500V, 전류와 반대 방향",3,"e=L·ΔI/Δt=0.5×5/(1/200)=500V. 전류가 감소하므로 유기기전력은 전류 감소를 막는 방향, 즉 전류와 같은 방향입니다.",20010,cbt,2019_1,1,,10
20011,electrical_industrial,1,2019_1,어느 점전하에 의하여 생기는 전위를 처음 전위의 1/2이 되게 하려면 전하로부터의 거리를 어떻게 해야 하는가?,1/2로 감소시킨다.,1/√2로 감소시킨다.,2배 증가시킨다.,1/√2배 증가시킨다.,3,점전하의 전위 V∝1/r 이므로 전위를 절반으로 하려면 거리 r을 2배로 늘려야 합니다.,20011,cbt,2019_1,1,,11
20012,electrical_industrial,1,2019_1,자계의 세기를 표시하는 단위가 아닌 것은?,A/m,Wb/m²,N/Wb,AT/m,2,"Wb/m²는 자속밀도(B)의 단위입니다. 자계의 세기(H)의 단위는 A/m, AT/m, N/Wb입니다.",20012,cbt,2019_1,1,,12
20013,electrical_industrial,1,2019_1,"그림과 같이 면적 S(m²), 간격 d(m)인 극판간에 유전율 ε, 저항률 ρ인 매질을 채웠을 때 극판간의 정전용량 C와 저항 R의 관계는? (단, 전극판의 저항률은 매우 작은 것으로 한다.)",R=ερ/C,R=C/(ερ),R=ερC,R=ε/(ρC),1,"C=εS/d, R=ρd/S 이므로 두 식을 곱하면 RC=ερ, 즉 R=ερ/C 입니다.",20013,cbt,2019_1,1,,13
20014,electrical_industrial,1,2019_1,점전하 Q(c)와 무한평면도체에 대한 영상전하는?,Q(C)와 같다.,-Q(C)와 같다.,Q(C)보다 크다.,Q(C)보다 작다.,2,무한평면도체에 대한 영상전하는 원래 전하와 크기가 같고 부호가 반대인 -Q(C)입니다.,20014,cbt,2019_1,1,,14
20015,electrical_industrial,1,2019_1,"전계의 세기 E, 자계의 세기가 H일 때 포인팅 벡터(P)는?",P=E×H,P=1/2E×H,P=H curl E,P=E curl H,1,포인팅 벡터는 단위면적당 전자파 에너지 흐름을 나타내며 P=E×H로 정의됩니다.,20015,cbt,2019_1,1,,15
20016,electrical_industrial,1,2019_1,"철심환의 일부에 공극(air gap)을 만들어 철심부의 길이 ℓ(m), 단면적 A(m²), 비투자율이 μr이고 공극부의 길이 δ(m)일 때 철심부에서 총권수 N회인 도선을 감아 전류 I(A)를 흘리면 자속이 누설되지 않는다고 하고 공극 내에 생기는 자계의 자속 φ0(Wb)는?",μ₀ANI / (δμr+ℓ),μ₀μrANI / (δ+μrℓ),μ₀μrANI / (δμr+ℓ),μ₀μrANI / (δ+μrℓ),3,전체 자기저항 Rm=ℓ/(μ0μrA)+δ/(μ0A)를 기자력 NI로 나누면 φ0=μ0μrANI/(δμr+ℓ)이 됩니다.,20016,cbt,2019_1,1,,16
20017,electrical_industrial,1,2019_1,"내구의 반지름이 6cm, 외구의 반지름이 8cm인 동심구 콘덴서의 외구를 접지하고 내구에 전위 1800V를 가했을 경우 내구에 충전된 전기량은 몇 C인가?",2.8×10⁻⁸,3.8×10⁻⁸,4.8×10⁻⁸,5.8×10⁻⁸,3,동심구 정전용량 C=4πε₀ab/(b-a)를 구해 Q=CV로 계산하면 약 4.8×10⁻⁸C가 됩니다.,20017,cbt,2019_1,1,,17
20018,electrical_industrial,1,2019_1,"다음 중 ( )에 들어갈 내용으로 옳은 것은? 맥스웰은 전극간의 유전체를 통하며 흐르는 전류를 해석하기 위해 ( ㉠ )의 개념을 도입하였고, 이것도 ( ㉡ )를 발생한다고 가정하였다.","㉠ 와전류, ㉡ 자계","㉠ 변위전류, ㉡ 자계","㉠ 전자전류, ㉡ 전계","㉠ 파동전류, ㉡ 전계",2,"맥스웰은 유전체 속의 전류를 설명하기 위해 변위전류 개념을 도입했고, 변위전류도 전도전류처럼 자계를 발생시킨다고 가정했습니다.",20018,cbt,2019_1,1,,18
20019,electrical_industrial,1,2019_1,"권선수가 N회인 코일에 전류 I(A)를 흘릴 경우, 코일에 φ(Wb)의 자속이 지나간다면 이 코일에 저장된 자계에너지(J)는?",1/2Nφ²I,1/2NφI,1/2N²φI,1/2NφI²,2,코일에 저장된 자계에너지는 W=½LI²=½(Nφ/I)I²=½NφI 입니다.,20019,cbt,2019_1,1,,19
20020,electrical_industrial,1,2019_1,"다음 중 인덕턴스의 공식이 옳은 것은? (단, N은 권수, I는 전류, ℓ은 철심의 길이, Rm은 자기저항, μ는 투자율, S는 철심 단면적이다.)",NI/Rm,N²/Rm,μNS/ℓ,μ₀NIS/ℓ,2,"인덕턴스는 L=N²/Rm(=N/I × Nφ)으로 표현되며, 자기저항 Rm=ℓ/(μS)을 대입해도 같은 결과가 나옵니다.",20020,cbt,2019_1,1,,20
20021,electrical_industrial,1,2020_1,"유전율이 각각 다른 두 종류의 유전체 경계면에 전속이 입사될 때 이 전속은 어떻게 되는가? (단, 경계면에 수직으로 입사하지 않는 경우이다.)",굴절,반사,회절,직진,1,유전체 경계면에 전속이 경사지게(수직이 아니게) 입사하면 굴절 법칙(tanθ1/tanθ2=ε1/ε2)에 따라 굴절합니다.,20021,cbt,2020_1,1,,1
20022,electrical_industrial,1,2020_1,반지름이 9cm인 도체구 A에 8C의 전하가 균일하게 분포되어 있다. 이 도체구에 반지름 3cm인 도체구 B를 접촉시켰을 때 도체구 B로 이동한 전하는 몇 C인가?,1,2,3,4,2,"두 도체구를 접촉시키면 전하가 반지름 비(9:3=3:1)로 재분배됩니다. 전체 전하 8C가 A:B=6C:2C로 나뉘므로, B로 이동한 전하는 2C입니다.",20022,cbt,2020_1,1,,2
20023,electrical_industrial,1,2020_1,"내구의 반지름 a(m), 외구의 반지름 b(m)인 동심 구 도체 간에 도전율이 k(S/m)인 저항물질이 채워져 있을 때의 내외구간의 합성저항(Ω)은?",1/(8πk)(1/a-1/b),1/(4πk)(1/a-1/b),1/(2πk)(1/a-1/b),1/(πk)(1/a+1/b),2,동심구 사이 저항 R=ρ/(4π)(1/a-1/b)=1/(4πk)(1/a-1/b) 입니다(도전율 k=1/ρ).,20023,cbt,2020_1,1,,3
20024,electrical_industrial,1,2020_1,"대전된 도체 표면의 전하밀도를 σ(C/m²)이라고 할 때, 대전된 도체 표면의 단위면적이 받는 정전응력(N/m²)은 전하밀도 σ와 어떤 관계에 있는가?",σ^1/2에 비례,σ^3/2에 비례,σ에 비례,σ²에 비례,4,"정전응력 F=σ²/(2ε₀)로, 전하밀도의 제곱에 비례합니다.",20024,cbt,2020_1,1,,4
20025,electrical_industrial,1,2020_1,"양극판의 면적이 S(m²), 극판 간의 간격이 d(m), 정전용량이 C1(F)인 평행판 콘덴서가 있다. 양극판 면적을 각각 3S(m²)로 늘이고 극판 간격을 (1/3)d(m)로 줄였을 때의 정전용량 C2(F)는?",C2 = C1,C2 = 3C1,C2 = 6C1,C2 = 9C1,4,"C=εS/d이므로 면적이 3배, 간격이 1/3배가 되면 C는 3×3=9배가 됩니다.",20025,cbt,2020_1,1,,5
20026,electrical_industrial,1,2020_1,"투자율이 각각 μ1, μ2인 두 자성체의 경계면에서 자기력선의 굴절의 법칙을 나타낸 식은?",μ1/μ2=sinθ1/sinθ2,μ1/μ2=sinθ2/sinθ1,μ1/μ2=tanθ1/tanθ2,μ1/μ2=tanθ2/tanθ1,3,자성체 경계면에서 자기력선의 굴절은 접선 성분의 비로 결정되며 μ1/μ2=tanθ1/tanθ2 관계가 성립합니다.,20026,cbt,2020_1,1,,6
20027,electrical_industrial,1,2020_1,전계 내에서 폐회로를 따라 단위 전하가 일주할 때 전계가 한 일은 몇 J인가?,∞,π,1,0,4,정전계는 보존장이므로 폐회로를 따라 일주할 때 전계가 하는 일은 0입니다.,20027,cbt,2020_1,1,,7
20028,electrical_industrial,1,2020_1,"진공 중에서 멀리 떨어져 있는 반지름이 각각 a1(m), a2(m)인 두 도체구를 V1(V), V2(V)인 전위를 갖도록 대전시킨 후 가는 도선으로 연결할 때 연결 후의 공통 전위 V(V)는?",V1/a1+V2/a2,(V1+V2)/(a1a2),a1V1+a2V2,(a1V1+a2V2)/(a1+a2),4,"도선 연결 후에도 전체 전하량은 보존됩니다(Q=a1V1+a2V2, 병렬 정전용량 합=a1+a2). 따라서 공통전위 V=(a1V1+a2V2)/(a1+a2)입니다.",20028,cbt,2020_1,1,,8
20029,electrical_industrial,1,2020_1,그림과 같이 도체 1을 도체 2로 포위하여 도체 2를 일정 전위로 유지하고 도체 1과 도체 2의 외측에 도체 3이 있을 때 용량계수 및 유도계수의 성질로 옳은 것은?,q23 = q11,q13 = -q11,q31 = q11,q21 = -q11,4,도체1이 도체2에 완전히 둘러싸여 있으면 도체1에서 나온 전기력선이 모두 도체2로 들어가므로 유도계수 q21=-q11 관계가 성립합니다.,20029,cbt,2020_1,1,,9
20030,electrical_industrial,1,2020_1,와전류(eddy current)손에 대한 설명으로 틀린 것은?,주파수에 비례한다.,저항에 반비례한다.,도전율이 클수록 크다.,자속밀도의 제곱에 비례한다.,1,"와전류손은 주파수의 제곱에 비례하므로, 단순히 ""주파수에 비례한다""는 설명은 틀립니다.",20030,cbt,2020_1,1,,10
20031,electrical_industrial,1,2020_1,전계 E(V/m) 및 자계 H(AT/m)의 에너지가 자유공간 사이클 C(m/s)의 속도로 전파될 때 단위 시간에 단위 면적을 지나는 에너지(W/m²)는?,1/2EH,EH,EH²,E²H,2,"포인팅 벡터 P=E×H로, 그 크기는 EH입니다.",20031,cbt,2020_1,1,,11
20032,electrical_industrial,1,2020_1,공기 중에 선간거리 10cm의 평행왕복 도선이 있다. 두 도선 간에 작용하는 힘이 4×10⁻⁶ N/m 이었다면 도선에 흐르는 전류는 몇 A 인가?,1,2,√2,√3,3,"F=2×10⁻⁷×I²/r 이므로 4×10⁻⁶=2×10⁻⁷×I²/0.1에서 I²=2, I=√2A입니다.",20032,cbt,2020_1,1,,12
20033,electrical_industrial,1,2020_1,"자기 인덕턴스가 L1, L2이고 상호 인덕턴스가 M인 두 회로의 결합계수가 1일 때, 성립되는 식은?",L1·L2 = M,L1·L2 < M²,L1·L2 > M²,L1·L2 = M²,4,"결합계수 k=M/√(L1L2)이므로 k=1이면 M=√(L1L2), 즉 L1·L2=M²입니다.",20033,cbt,2020_1,1,,13
20034,electrical_industrial,1,2020_1,어떤 콘덴서의 비유전율 εs인 유전체로 채워져 있을 때의 정전용량 C와 공기로 채워져 있을 때의 정전용량 C0의 비(C/C0)는?,εs,1/εs,√εs,1/√εs,1,C=εs×C0이므로 그 비는 εs입니다.,20034,cbt,2020_1,1,,14
20035,electrical_industrial,1,2020_1,유전체에서의 변위전류에 대한 설명으로 틀린 것은?,변위전류가 주변에 자계를 발생시킨다.,변위전류의 크기는 유전율에 반비례한다.,전속밀도의 시간적 변화가 변위전류를 발생시킨다.,유전체 중의 변위전류는 진공 중의 전계 변화에 의한 변위전류와 구속전자의 변위에 의한 분극전류와의 합이다.,2,"변위전류밀도 Jd=∂D/∂t=ε∂E/∂t로 유전율에 비례하므로, ""반비례한다""는 설명은 틀립니다.",20035,cbt,2020_1,1,,15
20036,electrical_industrial,1,2020_1,환상 솔레노이드의 자기 인덕턴스(H)와 반비례 하는 것은?,철심의 투자율,철심의 길이,철심의 단면적,코일의 권수,2,L=μN²S/ℓ이므로 인덕턴스는 철심의 길이 ℓ에 반비례합니다.,20036,cbt,2020_1,1,,16
20037,electrical_industrial,1,2020_1,자성체에 대한 자화의 세기를 정의한 것으로 틀린 것은?,자성체의 단위 체적당 자기모멘트,자성체의 단위 면적당 자화된 자하량,자성체의 단위 면적당 자화선의 밀도,자성체의 단위 면적당 자기력선의 밀도,4,"자화의 세기 J는 단위 체적당 자기모멘트(=단위면적당 자화선밀도=단위면적당 자화된 자하량)로 정의되며, ""자기력선의 밀도""는 자속밀도 B에 해당하는 개념이라 틀립니다.",20037,cbt,2020_1,1,,17
20038,electrical_industrial,1,2020_1,두 전하 사이 거리의 세제곱에 비례하는 것은?(문제 오류로 가답안 발표시 2번으로 발표되었지만 확정답안 발표시 모두 정답처리 되었습니다. 여기서는 가답안인 2번을 누르면 정답 처리됩니다.),두 구전하 사이에 작용하는 힘,전기쌍극자에 의한 전계,직선 전하에 의한 전계,전하의 의한 전위,2,"전기쌍극자에 의한 전계는 원래 거리의 세제곱에 반비례하는데, 이 문제는 표현 오류가 있는 문제로 확정답안은 복수정답 처리되었으며 여기서는 가답안인 ②(전기쌍극자에 의한 전계)를 정답으로 채점합니다.",20038,cbt,2020_1,1,,18
20039,electrical_industrial,1,2020_1,"정사각형 회로의 면적을 3배로, 흐르는 전류를 2배로 증가시키면 정사각형의 중심에서의 자계의 세기는 약 몇 %가 되는가?",47,115,150,225,2,"정사각형 한 변의 길이는 면적의 제곱근에 비례하므로 면적이 3배가 되면 변의 길이는 √3배가 됩니다. 중심 자계는 전류에 비례하고 변의 길이에 반비례하므로 비율은 2/√3≈1.1547, 약 115%가 됩니다.",20039,cbt,2020_1,1,,19
20040,electrical_industrial,1,2020_1,그림과 같이 권수가 1이고 반지름이 a(m)인 원형 코일에 전류 I(A)가 흐르고 있다. 원형 코일 중심에서의 자계의 세기(AT/m)는?,I/a,I/2a,I/3a,I/4a,2,원형 코일 중심의 자계 H=NI/(2a)이고 권수 N=1이므로 H=I/2a입니다.,20040,cbt,2020_1,1,,20
20041,electrical_industrial,2,2020_1,전압이 일정값 이하로 되었을 때 동작하는 것으로서 단락 시 고장 검출용으로도 사용되는 계전기는?,OVR,OVGR,NSR,UVR,4,"부족전압계전기(UVR)는 전압이 기준값 이하로 떨어지면 동작하며, 단락사고 시 전압이 급강하하는 것을 이용해 고장 검출용으로도 쓰입니다.",20041,cbt,2020_1,1,,21
20042,electrical_industrial,2,2020_1,"반동수차의 일종으로 주요부분은 러너, 안내날개, 스피드링 및 흡출관 등으로 되어 있으며 50~500m 정도의 중낙차 발전소에 사용되는 수차는?",카플란수차,프란시스수차,펠턴수차,튜블러수차,2,프란시스수차는 대표적인 반동수차로 중낙차(약 50~500m) 발전소에 널리 쓰입니다.,20042,cbt,2020_1,1,,22
20043,electrical_industrial,2,2020_1,페란티현상이 발생하는 원인은?,선로의 과도한 저항,선로의 정전용량,선로의 인덕턴스,선로의 급격한 전압강하,2,페란티현상은 경부하 시 선로의 정전용량(충전전류)에 의해 수전단전압이 송전단전압보다 높아지는 현상입니다.,20043,cbt,2020_1,1,,23
20044,electrical_industrial,2,2020_1,"전력계통의 경부하시나 또는 다른 발전소의 발전전력에 여유가 있을 때, 이 잉여전력을 이용하여 전동기로 펌프를 돌려서 물을 상부의 저수지에 저장하였다가 필요에 따라 이 물을 이용해서 발전하는 발전소는?",조력발전소,양수식발전소,유역변경식발전소,수로식발전소,2,잉여전력으로 물을 상부로 퍼올렸다가 필요할 때 방류해 발전하는 방식은 양수식발전소입니다.,20044,cbt,2020_1,1,,24
20045,electrical_industrial,2,2020_1,열의 일당량에 해당되는 전위는?,kcal/kg,kg/cm²,kcal/cm³,kg·m/kcal,4,"일의 열당량이 1/427kcal/(kg·m)이므로, 그 역수인 열의 일당량은 kg·m/kcal 단위로 표현됩니다.",20045,cbt,2020_1,1,,25
20046,electrical_industrial,2,2020_1,가공전선을 단도체식으로 하는 것보다 같은 단면적의 복도체식으로 하였을 경우에 대한 내용으로 틀린 것은?,전선의 인덕턴스가 감소된다.,전선의 정전용량이 감소된다.,코로나 발생률이 적어진다.,송전용량이 증가한다.,2,"복도체식은 등가반지름이 커져 인덕턴스는 감소하지만 정전용량은 오히려 증가하므로, ""정전용량이 감소한다""는 설명은 틀립니다.",20046,cbt,2020_1,1,,26
20047,electrical_industrial,2,2020_1,연가의 효과로 볼 수 없는 것은?,선로 정수의 평형,대지 정전용량의 감소,통신선의 유도 장해의 감소,직렬 공진의 방지,2,"연가는 선로정수 평형, 유도장해 경감, 직렬공진 방지 효과가 있지만 대지 정전용량 자체를 줄이는 효과는 없습니다.",20047,cbt,2020_1,1,,27
20048,electrical_industrial,2,2020_1,발전기나 변압기의 내부고장 검출로 주로 사용되는 계전기는?,역상계전기,과전압계전기,과전류계전기,비율차동계전기,4,비율차동계전기는 입력전류와 출력전류의 차이(누설전류)를 비교해 내부고장을 검출하는 데 주로 사용됩니다.,20048,cbt,2020_1,1,,28
20049,electrical_industrial,2,2020_1,송전선로에서 역섬락을 방지하는 가장 유효한 방법은?,피뢰기를 설치한다.,가공지선을 설치한다.,소호각을 설치한다.,탑각 접지저항을 작게 한다.,4,"역섬락은 탑각 접지저항이 커서 낙뢰전류가 대지로 잘 빠지지 못해 발생하므로, 탑각 접지저항을 낮추는 것이 가장 유효한 대책입니다.",20049,cbt,2020_1,1,,29
20050,electrical_industrial,2,2020_1,교류 송전방식과 직류 송전방식을 비교할 때 교류 송전방식의 장점에 해당되는 것은?,"전압의 승압, 강압 변경이 용이하다.",절연계급을 낮출 수 있다.,송전효율이 좋다.,안정도가 좋다.,1,교류는 변압기로 전압을 쉽게 승압/강압할 수 있다는 점이 가장 큰 장점입니다.,20050,cbt,2020_1,1,,30
20051,electrical_industrial,2,2020_1,"단상 2선식 교류 배전선로가 있다. 전선의 1가닥 저항이 0.15Ω이고, 리액턴스는 0.25Ω이다. 부하는 순저항부하이고 100V, 3kW 이다. 급전점의 전압(V)은 약 얼마인가?",105,110,115,124,2,"부하전류 I=P/V=3000/100=30A. 순저항부하(cosθ=1, sinθ=0)이므로 전압강하=2I×R=2×30×0.15=9V. 급전점전압=100+9=109V로 약 110V입니다.",20051,cbt,2020_1,1,,31
20052,electrical_industrial,2,2020_1,반한시성 과전류계전기의 전류-시간 특성에 대한 설명으로 옳은 것은?,계전기 동작시간은 전류의 크기와 비례한다.,계전기 동작시간은 전류의 크기와 관계없이 일정하다.,계전기 동작시간은 전류의 크기와 반비례한다.,계전기 동작시간은 전류의 크기의 제곱에 비례한다.,3,"반한시성 계전기는 전류가 클수록 동작시간이 짧아지는, 즉 전류크기와 반비례하는 특성을 가집니다.",20052,cbt,2020_1,1,,32
20053,electrical_industrial,2,2020_1,"지상부하를 가진 3상 3선식 배전선로 또는 단거리 송전선로에서 선간 전압강하를 나타낸 식은? (단, I, R, X, θ는 각각 수전단 전류, 선로저항, 리액턴스 및 수전단 전류의 위상각이다.)",I(Rcosθ+ Xsinθ),2I(Rcosθ+Xsinθ),√3I(Rcosθ+Xsinθ),3I(Rcosθ+Xsinθ),3,3상3선식의 선간 전압강하는 e=√3I(Rcosθ+Xsinθ)로 표현됩니다.,20053,cbt,2020_1,1,,33
20054,electrical_industrial,2,2020_1,다음 중 송·배전선로의 진동 방지대책에 사용되지 않는 기구는?,댐퍼,조임쇠,클램프,아머 로드,2,"댐퍼, 클램프, 아머로드는 전선 진동을 억제하는 대표적 기구이지만, 조임쇠는 단순 결합용 부품으로 진동방지 목적이 아닙니다.",20054,cbt,2020_1,1,,34
20055,electrical_industrial,2,2020_1,단락전류를 제한하기 위하여 사용되는 것은?,한류리액터,사이리스터,현수애자,직렬콘덴서,1,한류리액터는 회로에 직렬로 삽입되어 단락사고 시 전류의 급격한 상승을 억제하는 역할을 합니다.,20055,cbt,2020_1,1,,35
20056,electrical_industrial,2,2020_1,어느 변전설비의 역률을 60%에서 80%로 개선하는데 2800 kVA의 전력용 커패시터가 필요하였다. 이 변전설비의 용량은 몇 kW 인가?,4800,5000,5400,5800,1,Q=P(tanθ1-tanθ2)에서 2800=P(0.8/0.6-0.6/0.8)이므로 P=2800/(1.333-0.75)≈4800kW입니다.,20056,cbt,2020_1,1,,36
20057,electrical_industrial,2,2020_1,교류 단상 3선식 배전방식을 교류 단상 2선식에 비교하면?,"전압강하가 크고, 효율이 낮다.","전압강하가 작고, 효율이 낮다.","전압강하가 작고, 효율이 높다.","전압강하가 크고, 효율이 높다.",3,단상3선식은 같은 전력을 더 높은 전압으로 보낼 수 있어 전압강하가 작고 효율이 높습니다.,20057,cbt,2020_1,1,,37
20058,electrical_industrial,2,2020_1,배전선로의 전압을 √3배로 증가시키고 동일한 전력 손실률로 송전할 경우 송전전력은 몇 배로 증가되는가?,√3,3/2,3,2√3,3,"전력손실률이 일정할 때 송전전력은 전압의 제곱에 비례하므로, 전압이 √3배가 되면 전력은 (√3)²=3배가 됩니다.",20058,cbt,2020_1,1,,38
20059,electrical_industrial,2,2020_1,주상 변압기의 2차 측 접지는 어느 것에 대한 보호를 목적으로 하는가?,1차 측의 단락,2차 측의 단락,2차 측의 전압강하,1차 측과 2차 측의 혼촉,4,2차측 접지는 1차와 2차가 혼촉될 경우 2차측 전위가 위험 수준으로 상승하는 것을 막기 위한 것입니다.,20059,cbt,2020_1,1,,39
20060,electrical_industrial,2,2020_1,"100MVA의 3상 변압기 2뱅크를 가지고 있는 배전용 2차 측의 배전선에 시설할 차단기 용량(MVA)은? (단, 변압기는 병렬로 운전되며, 각각의 %Z는 20%이고, 전원의 임피던스는 무시한다.)",1000,2000,3000,4000,1,2대 병렬이므로 합성 %Z=20/2=10%. 차단용량 Ps=100/%Z×Pn=100/10×100=1000MVA입니다.,20060,cbt,2020_1,1,,40
20061,electrical_industrial,3,2020_1,"단상 다이오드 반파정류회로인 경우 정류 효율은 약 몇 % 인가? (단, 저항부하인 경우이다.)",12.6,40.6,60.6,81.2,2,반파정류회로의 정류효율은 저항부하 기준으로 약 40.6%로 알려진 표준값입니다(참고로 전파정류는 약 81.2%).,20061,cbt,2020_1,1,,41
20062,electrical_industrial,3,2020_1,직류발전기의 병렬운전에서 균압모선을 필요로 하지 않는 것은?,분권발전기,직권발전기,평복권발전기,과복권발전기,1,"직권 계자를 갖는 발전기(직권, 복권)는 부하 변동에 따라 특성이 불안정해 균압모선이 필요하지만, 분권발전기는 안정적이라 균압모선이 필요 없습니다.",20062,cbt,2020_1,1,,42
20063,electrical_industrial,3,2020_1,3상 유도전동기의 전원측에서 임의의 2선을 바꾸어 접속하여 운전하면?,즉각 정지된다.,회전방향이 반대가 된다.,바꾸지 않았을 때와 동일하다.,회전방향은 불변이나 속도가 약간 떨어진다.,2,"3상 중 2선을 바꾸면 상회전 순서가 바뀌어 회전자계 방향이 반대가 되고, 전동기 회전방향도 반대가 됩니다.",20063,cbt,2020_1,1,,43
20064,electrical_industrial,3,2020_1,"직류 분권전동기의 정격전압 220V, 정격전류 105A, 전기자저항 및 계자회로의 저항이 각각 0.1Ω 및 40Ω이다. 기동전류를 정격전류의 150%로 할 때의 기동저항은 약 몇 Ω 인가?",0.46,0.92,1.21,1.35,4,"계자전류=220/40=5.5A, 기동전류=105×1.5=157.5A, 전기자전류=157.5-5.5=152A. 전체저항=220/152≈1.45Ω, 기동저항=1.45-0.1=1.35Ω입니다.",20064,cbt,2020_1,1,,44
20065,electrical_industrial,3,2020_1,"전기자저항과 계자저항이 각각 0.8Ω인 직류 직권전동기가 회전수 200rpm, 전기자전류 30A 일 때 역기전력은 300V이다. 이 전동기의 단자전압을 500V로 사용한다면 전기자전류가 위와 같은 30A로 될 때의 속도(rpm)는? (단, 전기자 반작용, 마찰손, 풍손 및 철손은 무시한다.)",200,301,452,500,2,"새 역기전력 E2=500-30×(0.8+0.8)=452V입니다. 직권전동기는 계자자속이 전기자전류에 비례하고 전류가 같으므로 E∝N 관계를 쓸 수 있어, N2=N1×(E2/E1)=200×(452/300)≈301rpm이 됩니다.",20065,cbt,2020_1,1,,45
20066,electrical_industrial,3,2020_1,수은 정류기에 있어서 정류기의 밸브작용이 상실되는 현상을 무엇이라고 하는가?,통호,실호,역호,점호,3,역호는 음극에 대해 부전위인 양극에 어떤 원인으로 음극점이 형성되어 정류기의 밸브작용(한쪽 방향으로만 전류를 흘리는 기능)이 상실되는 현상입니다.,20066,cbt,2020_1,1,,46
20067,electrical_industrial,3,2020_1,3상 유도전동기의 전원주파수와 전압의 비가 일정하고 정격속도 이하로 속도를 제어하는 경우 전동기의 출력 P와 주파수 f와의 관계는?,P ∝ f,P ∝ 1/f,P ∝ f²,P는 f에 무관,1,"V/f 일정 제어에서는 토크가 일정하게 유지되고 회전수 N은 주파수 f에 비례하므로, 출력 P(=T×N)도 f에 비례합니다.",20067,cbt,2020_1,1,,47
20068,electrical_industrial,3,2020_1,SCR에 대한 설명으로 옳은 것은?,증폭기능을 갖는 단방향성 3단자 소자이다.,제어기능을 갖는 양방향성 3단자 소자이다.,정류기능을 갖는 단방향성 3단자 소자이다.,스위칭기능을 갖는 양방향성 3단자 소자이다.,3,SCR(실리콘제어정류소자)은 게이트로 턴온을 제어하는 정류기능을 가진 단방향성 3단자 소자입니다.,20068,cbt,2020_1,1,,48
20069,electrical_industrial,3,2020_1,"유도전동기의 주파수가 60Hz이고 전부하에서 회전수가 매분 1164회이면 극수는? (단, 슬립은 3% 이다.)",4,6,8,10,2,동기속도 Ns=N/(1-s)=1164/0.97=1200rpm. Ns=120f/p에서 p=120×60/1200=6극입니다.,20069,cbt,2020_1,1,,49
20070,electrical_industrial,3,2020_1,동기기의 과도 안정도를 증가시키는 방법이 아닌 것은?,속응 여자방식을 채용한다.,동기 탈조계전기를 사용한다.,동기화 리액턴스를 작게 한다.,회전자의 플라이휠 효과를 작게 한다.,4,"회전자의 플라이휠 효과(관성모멘트)는 오히려 크게 할수록 과도안정도가 향상되므로, ""작게 한다""는 방법은 틀립니다.",20070,cbt,2020_1,1,,50
20071,electrical_industrial,3,2020_1,"전압비 3300/110V, 1차 누설 임피던스 Z1=12+j13Ω, 2차 누설 임피던스 Z2=0.015+j0.013Ω인 변압기가 있다. 1차로 환산된 등가임피던스(Ω)는?",22.7 + j25.5,24.7 + j25.5,25.5 + j22.7,25.5 + j24.7,4,권수비 a=3300/110=30. 2차임피던스를 1차로 환산하면 a²Z2=900×(0.015+j0.013)=13.5+j11.7. 합성 Z=Z1+a²Z2=25.5+j24.7Ω입니다.,20071,cbt,2020_1,1,,51
20072,electrical_industrial,3,2020_1,동기발전기의 단자 부근에서 단락이 발생되었을 때 단락전류에 대한 설명으로 옳은 것은?,서서히 증가한다.,발전기는 즉시 정지한다.,일정한 큰 전류가 흐른다.,처음은 큰 전류가 흐르나 점차 감소한다.,4,"단락 초기에는 전기자 반작용이 즉시 나타나지 않아 매우 큰 돌입전류가 흐르고, 이후 전기자 반작용이 나타나며 점차 정상 단락전류값으로 감소합니다.",20072,cbt,2020_1,1,,52
20073,electrical_industrial,3,2020_1,어떤 공장에 뒤진 역률 0.8인 부하가 있다. 이 선로에 동기조상기를 병렬로 결선해서 선로의 역률을 0.95로 개선하였다. 개선 후 전력의 변화에 대한 설명으로 틀린 것은?,피상전력과 유효전력은 감소한다.,피상전력과 무효전력은 감소한다.,피상전력은 감소하고 유효전력은 변화가 없다.,무효전력은 감소하고 유효전력은 변화가 없다.,1,"역률 개선은 무효전력을 상쇄시켜 무효전력과 피상전력을 감소시키지만, 부하의 유효전력 자체는 변하지 않습니다. 따라서 ""유효전력이 감소한다""는 ①의 설명이 틀립니다.",20073,cbt,2020_1,1,,53
20074,electrical_industrial,3,2020_1,기동 시 정류자의 불꽃으로 라디오의 장해를 주며 단락장치의 고장이 일어나기 쉬운 전동기는?,직류 직권전동기,단상 직권전동기,반발기동형 단상유도전동기,셰이딩코일형 단상유도전동기,3,"반발기동형 단상유도전동기는 기동 시 브러시로 정류자 단락장치를 사용하는데, 이 접점에서 불꽃이 발생해 라디오 장해와 고장을 일으키기 쉽습니다.",20074,cbt,2020_1,1,,54
20075,electrical_industrial,3,2020_1,"8극, 유도기전력 100V, 전기자전류 200A인 직류발전기의 전기자권선을 중권에서 파권으로 변경했을 경우의 유도기전력과 전기자전류는?","100V, 200A","200V, 100A","400V, 50A","800V, 25A",3,"중권의 병렬회로수는 극수(8)이지만 파권은 항상 2입니다. 같은 권선을 파권으로 바꾸면 병렬회로수가 8→2로 줄어(1/4배) 유도기전력은 4배(400V)가 되고, 각 병렬회로의 전류는 1/4배가 되어 전기자전류는 50A가 됩니다.",20075,cbt,2020_1,1,,55
20076,electrical_industrial,3,2020_1,"8극, 50kW, 3300V, 60Hz인 3상 권선형 유도전동기의 전부하 슬립이 4%라고 한다. 이 전동기의 슬립링 사이에 0.16Ω의 저항 3개를 Y로 삽입하면 전부하 토크를 발생할 때의 회전수(rpm)는? (단, 2차 각상의 저항은 0.04Ω이고, Y접속이다.)",660,720,750,880,2,"동기속도 Ns=120×60/8=900rpm. 저항삽입 전 2차저항 r2=0.04Ω, 슬립 s1=0.04. 저항삽입 후 전체저항(r2+R)=0.2Ω. 같은 토크를 내려면 r2/s1=(r2+R)/s2이므로 s2=0.04×0.2/0.04=0.2. 회전수 N2=(1-0.2)×900=720rpm입니다.",20076,cbt,2020_1,1,,56
20077,electrical_industrial,3,2020_1,임피던스 강하가 5%인 변압기가 운전 중 단락되었을 때 그 단락전류는 정격전류의 몇 배인가?,20,25,30,35,1,단락전류는 정격전류의 100/%Z 배이므로 100/5=20배입니다.,20077,cbt,2020_1,1,,57
20078,electrical_industrial,3,2020_1,변압기의 임피던스와트와 임피던스전압을 구하는 시험은?,부하시험,단락시험,무부하시험,충격전압시험,2,단락시험(구속시험)에서 1차측에 정격전류가 흐르도록 저전압을 인가해 임피던스전압과 임피던스와트(동손)를 구합니다.,20078,cbt,2020_1,1,,58
20079,electrical_industrial,3,2020_1,"변압기에서 1차 측의 여자 어드미턴스를 Y0라고 한다. 2차 측으로 환산한 여자 어드미턴스 Y0'을 옳게 표한한 식은? (단, 권수비를 a라고 한다.)",Y0' = a²Y0,Y0' = aY0,Y0' = Y0/a²,Y0' = Y0/a,1,"임피던스는 1차→2차 환산 시 1/a²배가 되는 반면, 어드미턴스(임피던스의 역수)는 a²배가 됩니다.",20079,cbt,2020_1,1,,59
20080,electrical_industrial,3,2020_1,3상 동기기의 제동권선을 사용하는 주 목적은?,출력이 증가한다.,효율이 증가한다.,역률을 개선한다.,난조를 방지한다.,4,제동권선은 회전자 속도 변동을 억제하는 제동토크를 발생시켜 난조(속도의 진동적 불안정)를 방지하는 것이 주목적입니다.,20080,cbt,2020_1,1,,60
20081,electrical_industrial,4,2020_1,Z=5√3+j5(Ω)인 3개의 임피던스를 Y결선하여 선간전압 250V의 평형 3상 전원에 연결하였다. 이때 소비되는 유효전력은 약 몇 W 인가?,3125,5413,6252,7120,2,"|Z|=√(75+25)=10Ω, R=5√3Ω. 상전압 Vp=250/√3, 상전류 Ip=Vp/10. 3상 유효전력 P=3×Ip²×R을 계산하면 약 5413W가 됩니다.",20081,cbt,2020_1,1,,61
20082,electrical_industrial,4,2020_1,"그림과 같은 회로에서 스위치 S를 t=0에서 닫았을 때 vL(t)|t=0=100V, di(t)/dt|t=0=400A/s 이다. L(H)의 값은?",0.75,0.5,0.25,0.1,3,vL=L×(di/dt)이므로 100=L×400에서 L=0.25H입니다.,20082,cbt,2020_1,1,,62
20083,electrical_industrial,4,2020_1,"r1(Ω)인 저항에 r(Ω)인 가변저항이 연결된 그림과 같은 회로에서 전류 I를 최소로 하기 위한 저항 r2(Ω)는? (단, r(Ω)은 가변저항의 최대 크기이다.)",r1/2,r/2,r1,r,2,"가변저항의 슬라이더 위치에 따라 전체 저항이 달라지는데, 전체 저항이 최대(=전류가 최소)가 되는 지점은 가변저항을 정확히 절반(r/2)으로 나눈 위치입니다.",20083,cbt,2020_1,1,,63
20084,electrical_industrial,4,2020_1,"다음과 같은 회로에서 Va, Vb, Vc(V)를 평형 3상 전압이라 할 때 전압 V0(V)은?",0,V1/3,2/3 V1,V1,1,"평형 3상 전압의 합은 0(영상분 없음)이므로, 두 중성점 사이의 전압 V0도 0이 됩니다.",20084,cbt,2020_1,1,,64
20085,electrical_industrial,4,2020_1,"9Ω과 3Ω인 저항 6개를 그림과 같이 연결하였을 때, a와 b 사이의 합성저항(Ω)은?",9,4,3,2,3,이 회로는 휘트스톤 브리지 평형 조건(마주보는 두 쌍의 저항 곱이 서로 같음)을 만족해 가운데 브리지 저항에는 전류가 흐르지 않습니다. 이를 이용해 회로를 정리하면 a-b 사이 합성저항은 3Ω이 됩니다.,20085,cbt,2020_1,1,,65
20086,electrical_industrial,4,2020_1,"그림과 같은 회로의 전달함수는? (단, 초기조건은 0이다.)",(R2+Cs)/(R1+R2+Cs),(R1+R2+Cs)/(R1+Cs),(R2Cs+1)/(R2Cs+R1Cs+1),(R1Cs+R2Cs+1)/(R2Cs+1),3,"e1=(R1+R2+1/Cs)×i, e2=(R2+1/Cs)×i이므로 G(s)=e2/e1=(R2Cs+1)/(R1Cs+R2Cs+1)입니다.",20086,cbt,2020_1,1,,66
20087,electrical_industrial,4,2020_1,그림과 같은 회로에서 5Ω에 흐르는 전류 I는 몇 A 인가?,1/2,2/3,1,5/3,3,"중첩의 원리로 계산하면, 10V원만 있을 때(5V 단락) 5Ω에는 전류가 흐르지 않고, 5V원만 있을 때(10V 단락) 10Ω과 5Ω이 병렬이 되어 5Ω에는 1A가 흐르므로, 합산하면 5Ω에 흐르는 전류는 1A입니다.",20087,cbt,2020_1,1,,67
20088,electrical_industrial,4,2020_1,"전류의 대칭분이 I0=-2+j4(A), I1=6-j5(A), I2=8+j10(A) 일 때 3상전류 중 a상 전류(Ia)의 크기(｜Ia｜)는 몇 A 인가? (단, I0는 영상분이고, I1은 정상분이고, I2는 역상분이다.)",9,12,15,19,3,Ia=I0+I1+I2=(-2+6+8)+j(4-5+10)=12+j9이므로 크기는 √(12²+9²)=√225=15A입니다.,20088,cbt,2020_1,1,,68
20089,electrical_industrial,4,2020_1,"V=50√3-j50(V), I=15√3+j15(A) 일 때 유효전력 P(W)와 무효전력 Q(var)는 각각 얼마인가?","P = 3000, Q = -1500","P = 1500, Q = -1500√3","P = 750, Q = -750√3","P = 2250, Q = -1500√3",2,"복소전력 S=V×I*(전류의 켤레복소수)를 계산하면 1500-j1500√3이 나와, 유효전력 P=1500W, 무효전력 Q=-1500√3var이 됩니다.",20089,cbt,2020_1,1,,69
20090,electrical_industrial,4,2020_1,푸리에 급수로 표현된 왜형파 f(t)가 반파대칭 및 정현대칭일 때 f(t)에 대한 특징으로 옳은 것은?,an의 우수항만 존재한다.,an의 기수항만 존재한다.,bn의 우수항만 존재한다.,bn의 기수항만 존재한다.,4,"정현대칭(기함수)이면 an=0(코사인항이 모두 사라짐)이고, 반파대칭이면 짝수차 항이 모두 사라지므로, 결국 bn의 기수항(홀수차 사인항)만 남습니다.",20090,cbt,2020_1,1,,70
20091,electrical_industrial,4,2020_1,"그림과 같은 회로에서 L2에 흐르는 전류 I2(A)가 단자전압 V(V)보다 위상이 90°뒤지기 위한 조건은? (단, ω는 회로의 각주파수(rad/s)이다.)",R2/R1 = L2/L1,R1R2 = L1L2,R1R2 = ωL1L2,R1R2 = ω²L1L2,4,"회로 방정식을 정리해 위상이 정확히 90° 뒤지려면 실수부가 0이 되어야 하며, 이 조건에서 R1R2=ω²L1L2가 도출됩니다.",20091,cbt,2020_1,1,,71
20092,electrical_industrial,4,2020_1,RC 직렬회로의 과도현상에 대한 설명을 옳은 것은?,(R×C)의 값이 클수록 과도 전류는 빨리 사라진다.,(R×C)의 값이 클수록 과도 전류는 천천히 사라진다.,과도 전류는 (R×C)의 값에 관계가 없다.,1/(R×C)의 값이 클수록 과도 전류는 천천히 사라진다.,2,"시정수 τ=RC가 클수록 과도현상이 오래 지속되므로, 과도전류는 천천히 사라집니다.",20092,cbt,2020_1,1,,72
20093,electrical_industrial,4,2020_1,용량이 50kVA인 단상 변압기 3대를 △결선하여 3상으로 운전하는 중 1대의 변압기에 고장이 발생하였다. 나머지 2대의 변압기를 이용하여 3상 V결선으로 운전하는 경우 최대 출력은 몇 kVA 인가?,30√3,50√3,100√3,200√3,2,V결선의 최대출력은 변압기 1대 용량×√3이므로 50×√3=50√3kVA입니다.,20093,cbt,2020_1,1,,73
20094,electrical_industrial,4,2020_1,"각 상의 전류가 ia = 30sinωt(A), ib=30sin(ωt-90°)(A), ic=30sin(ωt+90°)(A)일 때 영상분 전류(A)의 순시치는?",10sinωt,10sin(ωt/3),30sinωt,(30/√3)sin(ωt+45°),1,"영상분전류는 i0=(1/3)(ia+ib+ic)이며, ib와 ic는 위상이 180° 어긋나 서로 상쇄되고 ia만 1/3배로 남으므로 영상분은 10sinωt입니다.",20094,cbt,2020_1,1,,74
20095,electrical_industrial,4,2020_1,f(t)=sint+2cost를 라플라스 변환하면?,2s/(s²+1),(2s+1)/(s+1)²,(2s+1)/(s²+1),2s/(s+1)²,3,"sint의 라플라스변환은 1/(s²+1), cost는 s/(s²+1)이므로 sint+2cost는 (1+2s)/(s²+1)=(2s+1)/(s²+1)입니다.",20095,cbt,2020_1,1,,75
20096,electrical_industrial,4,2020_1,어떤 회로에 흐르는 전류가 i(t)=7+14.1 sinωt(A)인 경우 실효값은 약 몇 A 인가?,11.2,12.2,13.2,14.2,2,직류분과 교류분이 섞인 파형의 실효값은 √(직류성분²+교류실효값²)로 계산합니다. 교류항의 실효값=14.1/√2≈9.97이므로 실효값=√(7²+9.97²)≈12.2A입니다.,20096,cbt,2020_1,1,,76
20097,electrical_industrial,4,2020_1,어떤 전지에 연결된 외부 회로의 저항은 5Ω이고 전류는 8A가 흐른다. 외부 회로에 5Ω대신 15Ω의 저항을 접속하면 전류는 4A로 떨어진다. 이 전지의 내부 기전력은 몇 V 인가?,15,20,50,80,4,"기전력 E=I(r+R) 관계에서 8(r+5)=4(r+15)를 풀면 r=5Ω, E=8×(5+5)=80V입니다.",20097,cbt,2020_1,1,,77
20098,electrical_industrial,4,2020_1,파형율과 파고율이 모두 1인 파형은?,고조파,삼각파,구형파,사인파,3,"구형파는 실효값, 평균값, 최댓값이 모두 같아서 파형률(실효/평균)과 파고율(최댓값/실효)이 모두 1입니다.",20098,cbt,2020_1,1,,78
20099,electrical_industrial,4,2020_1,회로의 4단자 정수로 틀린 것은? (대칭 T형: 직렬 4Ω - 병렬 4Ω - 직렬 4Ω),A=2,B=12,C=1/4,D=6,4,"대칭 T형 회로(직렬4Ω-병렬4Ω-직렬4Ω)에서 4단자정수는 A=D=1+4/4=2, B=4+4+(4×4)/4=12, C=1/4가 됩니다. 대칭회로는 A=D여야 하므로, D=6이라는 ④가 틀린 설명입니다.",20099,cbt,2020_1,1,,79
20100,electrical_industrial,4,2020_1,"그림과 같은 4단자 회로망에서 출력 측을 개방하니 V1=12V, I1=2A, V2=4V이고, 출력 측을 단락하니 V1=16V, I1=4A, I2=2A 이었다. 4단자 정수 A, B, C, D는 얼마인가?","A=2, B=3, C=8, D=0.5","A=0.5, B=2, C=3, D=8","A=8, B=0.5, C=2, D=3","A=3, B=8, C=0.5, D=2",4,"개방시 A=V1/V2=12/4=3, C=I1/V2=2/4=0.5. 단락시 B=V1/I2=16/2=8, D=I1/I2=4/2=2. 따라서 A=3, B=8, C=0.5, D=2입니다.",20100,cbt,2020_1,1,,80
20101,electrical_industrial,5,2020_1,버스덕트 공사에 의한 저압의 옥측배선 또는 옥외배선의 사용전압이 400V 이상인 경우의 시설기준에 대한 설명으로 틀린 것은?,목조 외의 조영물(점검할 수 없는 은폐장소)에 시설할 것,버스덕트는 사람이 쉽게 접촉할 우려가 없도록 시설할 것,버스덕트는 KS C IEC 60529(2006)에 의한 보호등급 IPX4에 적합할 것,버스덕트는 옥외용 버스덕트를 사용하여 덕트 안에 물이 스며들어 고이지 아니하도록 한 것일 것,1,"400V 이상 버스덕트공사는 점검할 수 없는 은폐장소에는 시설할 수 없으므로, ""점검할 수 없는 은폐장소에 시설할 것""이라는 ①의 설명은 틀립니다.",20101,cbt,2020_1,1,,81
20102,electrical_industrial,5,2020_1,가공전선로의 지지물에 지선을 시설하려는 경우 이 지선의 최저 기준으로 옳은 것은?,"허용인장하중 : 2.11kN, 소선지름 : 2.0mm, 안전율 : 3.0","허용인장하중 : 3.21kN, 소선지름 : 2.6mm, 안전율 : 1.5","허용인장하중 : 4.31kN, 소선지름 : 1.6mm, 안전율 : 2.0","허용인장하중 : 4.31kN, 소선지름 : 2.6mm, 안전율 : 2.5",4,"지선의 최저 기준은 허용인장하중 4.31kN 이상, 소선지름 2.6mm 이상, 안전율 2.5 이상입니다.",20102,cbt,2020_1,1,,82
20103,electrical_industrial,5,2020_1,직류식 전기철도에서 배류선의 상승 부분 중 지표상 몇 m 미만의 부분은 절연전선(옥외용 비닐 절연전선을 제외한다.) 캡타이어 케이블 또는 케이블을 사용하고 사람이 접촉할 우려가 없고 또한 손상을 받을 우려가 없도록 시설하여야 하는가?(관련 규정 개정전 문제로 여기서는 기존 정답인 3번을 누르면 정답 처리됩니다.),1.5,2.0,2.5,3.0,3,"개정 전 규정 기준으로, 지표상 2.5m 미만 구간은 절연전선(옥외용 비닐 절연전선 제외)이나 케이블 등으로 접촉·손상 위험 없이 시설해야 합니다.",20103,cbt,2020_1,1,,83
20104,electrical_industrial,5,2020_1,고압전로 또는 특고압전로와 저압전로를 결합하는 변압기의 저압측의 중성점에는 제 몇 종 접지공사를 하여야 하는가?(관련 규정 개정전 문제로 여기서는 기존 정답인 2번을 누르면 정답 처리됩니다.),제1종 접지공사,제2종 접지공사,제3종 접지공사,특별 제3종 접지공사,2,"개정 전 규정 기준으로, 고압 또는 특고압과 저압을 결합하는 변압기의 저압측 중성점에는 제2종 접지공사를 하도록 했습니다.",20104,cbt,2020_1,1,,84
20105,electrical_industrial,5,2020_1,변압기에 의하여 특고압전로에 결합되는 고압전로에는 사용전압의 몇 배 이하인 전압이 가하여진 경우에 방전하는 장치를 그 변압기의 단자에 가까운 1극에 설치하여야 하는가?,3,4,5,6,1,고압전로 사용전압의 3배 이하 전압이 가해질 경우 방전하는 장치를 변압기 단자에 가까운 1극에 설치해야 합니다.,20105,cbt,2020_1,1,,85
20106,electrical_industrial,5,2020_1,수상전선로의 시설기준으로 옳은 것은?,사용전압이 고압인 경우에는 클로로프렌 캡타이어 케이블을 사용한다.,수상전선로에 사용하는 부대(浮臺)는 쇠사슬 등으로 견고하게 연결한다.,고압 수상전선로에 지락이 생길 때를 대비하여 전로를 수동으로 차단하는 장치를 시설한다.,수상전선로의 전선은 부대의 아래에 지지하여 시설하고 또한 그 절연피복을 손상하지 아니하도록 시설한다.,2,수상전선로에서 부대(물에 뜬 지지대)는 쇠사슬 등으로 견고하게 연결해야 한다는 것이 옳은 시설기준입니다.,20106,cbt,2020_1,1,,86
20107,electrical_industrial,5,2020_1,특고압 가공전선이 가공약전류 전선 등 저압 또는 고압의 가공전선이나 저압 또는 고압의 전차선과 제1차 접근상태로 시설되는 경우 60kV 이하 가공전선과 저고압 가공전선 등 또는 이들의 지지물이나 지주 사이의 이격거리는 몇 m 이상인가?,1.2,2,2.6,3.2,2,60kV 이하 특고압 가공전선과 저압·고압 가공전선 등의 지지물·지주 사이의 이격거리는 2m 이상이어야 합니다.,20107,cbt,2020_1,1,,87
20108,electrical_industrial,5,2020_1,가공전선로의 지지물에는 취급자가 오르고 내리는데 사용하는 발판 볼트 등은 특별한 경우를 제외하고 지표상 몇 m 미만에는 시설하지 않아야 하는가?,1.5,1.8,2.0,2.2,2,발판 볼트 등은 일반인이 함부로 오르지 못하도록 지표상 1.8m 미만에는 시설하지 않는 것이 원칙입니다.,20108,cbt,2020_1,1,,88
20109,electrical_industrial,5,2020_1,특고압 가공전선과 가공약전류 전선 사이에 보호망을 시설하는 경우 보호망을 구성하는 금속선 상호 간의 간격은 가로 및 세로를 각각 몇 m 이하로 시설하여야 하는가?,0.75,1.0,1.25,1.5,4,보호망을 구성하는 금속선 상호간의 간격은 가로 및 세로 각각 1.5m 이하로 시설해야 합니다.,20109,cbt,2020_1,1,,89
20110,electrical_industrial,5,2020_1,옥내 고압용 이동전선의 시설기준에 적합하지 않은 것은?,전선은 고압용의 캡타이어케이블을 사용하였다.,전로에 지락이 생겼을 때에 자동적으로 전로를 차단하는 장치를 시설하였다.,이동전선과 전기사용기계기구와는 볼트 조임 기타의 방법에 의하여 견고하에 접속하였다.,이동전선에 전기를 공급하는 전로의 중성극에 전용 개폐기 및 과전류차단기를 시설하였다.,4,"개폐기 및 과전류차단기는 중성극이 아니라 각 극(전선)에 시설해야 하므로, ""중성극에"" 시설한다는 ④의 설명은 틀립니다.",20110,cbt,2020_1,1,,90
20111,electrical_industrial,5,2020_1,교통신호등의 시설기준에 관한 내용으로 틀린 것은?(관련 규정 개정전 문제로 여기서는 기존 정답인 3번을 누르면 정답 처리됩니다.),제어장치의 금속제 외함에는 제3종 접지공사를 한다.,교통신호등 회로의 사용전압은 300V 이하로 한다.,교통신호등 회로의 인하선은 지표상 2m 이상으로 시설한다.,"LED를 광원으로 사용하는 교통신호등의 설치는 KS C 7528 ""LED 교통신호등""에 적합한 것을 사용한다.",3,"개정 전 규정 기준으로, 교통신호등 회로의 인하선은 지표상 2.5m 이상으로 시설해야 하는데 문제에서는 2m 이상이라고 해 틀린 설명으로 처리됩니다.",20111,cbt,2020_1,1,,91
20112,electrical_industrial,5,2020_1,"터널 안의 윗면, 교량의 아랫면 기타 이와 유사한 곳 또는 이에 인접하는 곳에 시설하는 경우 가공 직류 전차선의 레일면상의 높이는 몇 m 이상인가?(관련 규정 개정전 문제로 여기서는 기존 정답인 2번을 누르면 정답 처리됩니다.)",3,3.5,4,4.5,2,"개정 전 규정 기준으로, 터널·교량 등 인접 장소에서 가공 직류 전차선의 레일면상 높이는 3.5m 이상으로 정해져 있었습니다.",20112,cbt,2020_1,1,,92
20113,electrical_industrial,5,2020_1,사람이 상시 통행하는 터널 안 배선의 시설기준으로 틀린 것은?,사용전압은 저압에 한한다.,전로에는 터널의 입구에 가까운 곳에 전용 개폐기를 시설한다.,애자사용 공사에 의하여 시설하고 이를 노면상 2m 이상의 높이에 시설한다.,공칭단면적 2.5mm² 연동선과 동등 이상의 세기 및 굵기의 절연전선을 사용한다.,4,"애자사용공사 시 사용하는 전선은 단면적 2.6mm² 이상의 경동선(또는 동등 이상)이어야 하므로, ""2.5mm² 연동선""이라는 기준은 틀립니다.",20113,cbt,2020_1,1,,93
20114,electrical_industrial,5,2020_1,"고압 가공전선이 교류 전차선과 교차하는 경우, 고압 가공전선으로 케이블을 사용하는 경우 이외에는 단면적 몇 mm² 이상의 경동연선(교류 전차선 등과 교차하는 부분을 포함하는 경간에 접속점이 없는 것에 한한다.)을 사용하여야 하는가?",14,22,30,38,3,"교류 전차선 등과 교차하는 구간에서 케이블을 쓰지 않는 경우, 단면적 30mm² 이상의 경동연선을 사용해야 합니다.",20114,cbt,2020_1,1,,94
20115,electrical_industrial,5,2020_1,"1차측 3300V, 2차측 220V 인 변압기 전로의 절연내력 시험전압은 각각 몇 V에서 10분간 견디어야 하는가?","1차측 4950V, 2차측 500V","1차측 4500V, 2차측 400V","1차측 4125V, 2차측 500V","1차측 3300V, 2차측 400V",1,"7kV 이하 전로의 절연내력 시험전압은 사용전압의 1.5배(최저 500V)입니다. 1차측 3300×1.5=4950V이고, 2차측은 220×1.5=330V이나 최저기준 500V가 적용되어 500V입니다.",20115,cbt,2020_1,1,,95
20116,electrical_industrial,5,2020_1,"저압 가공전선과 고압 가공전선을 동일 지지물에 시설하는 경우 이격거리는 몇 cm 이상이어야 하는가? (단, 각도주(角度住)·분기주(分岐住) 등에서 혼촉(混觸)의 우려가 없도록 시설하는 경우는 제외한다.)",50,60,70,80,3,저압과 고압 가공전선을 동일 지지물에 시설할 때 이격거리는 70cm(0.7m) 이상이어야 합니다.,20116,cbt,2020_1,1,,96
20117,electrical_industrial,5,2020_1,"중성선 다중접지식의 것으로서 전로에 지락이 생겼을 때 2초 이내에 자동적으로 이를 전로로부터 차단하는 장치가 되어 있는 22.9kV 특고압 가공전선이 다른 특고압 가공전선과 접근하는 경우 이격거리는 몇 m 이상으로 하여야 하는가? (단, 양쪽이 나전선인 경우이다.)",0.5,1.0,1.5,2.0,3,양쪽이 나전선인 경우 22.9kV 특고압 가공전선 상호간의 이격거리는 1.5m 이상이어야 합니다.,20117,cbt,2020_1,1,,97
20118,electrical_industrial,5,2020_1,"고압 또는 특고압 가공전선과 금속제외 울타리가 교차하는 경우 교차점과 좌, 우로 몇 m 이내에 개소에 제1종 접지공사를 하여야 하는가? (단, 전선에 케이블을 사용하는 경우는 제외한다.)(관련 규정 개정전 문제로 여기서는 기존 정답인 3번을 누르면 정답 처리됩니다.)",25,35,45,55,3,"개정 전 규정 기준으로, 교차점 좌우 45m 이내에 제1종 접지공사를 하도록 정해져 있었습니다.",20118,cbt,2020_1,1,,98
20119,electrical_industrial,5,2020_1,의료장소 중 그룹 1 및 그룹 2의 의료 IT 계통에 시설되는 전기설비의 시설기준으로 틀린 것은?,의료용 절연변압기의 정격출력은 10kVA이하로 한다.,의료용 절연변압기의 2차측 정격변압은 교류 250V 이하로 한다.,전원측에 강화절연을 한 의료용 절연변압기를 설치하고 그 2차측 전로는 접지한다.,절연감시장치를 설치하되 절연저항이 50kΩ 까지 감소하면 표시설비 및 음향설비로 경보를 발하도록 한다.,3,"의료 IT 계통에서는 감전사고 방지를 위해 2차측 전로를 비접지(접지하지 않음) 상태로 유지해야 하므로, ""2차측 전로는 접지한다""는 ③의 설명은 틀립니다.",20119,cbt,2020_1,1,,99
20120,electrical_industrial,5,2020_1,전력 보안통신 설비인 무선통신용 안테나를 지지하는 목주의 풍압하중에 대한 안전율은 얼마 이상으로 해야 하는가?,0.5,0.9,1.2,1.5,4,무선통신용 안테나를 지지하는 목주는 풍압하중에 대한 안전율 1.5 이상을 확보해야 합니다.,20120,cbt,2020_1,1,,100
